Commodity,Date,Unit,Average Price
Beans (red),2009-03-15,KG,6.38
Beans (red),2009-04-15,KG,5.88
Beans (red),2009-05-15,KG,7.05
Beans (red),2009-06-15,KG,7.225999999999999
Beans (red),2009-07-15,KG,7.874
Beans (red),2009-08-15,KG,9.7075
Beans (red),2009-09-15,KG,8.675
Beans (red),2009-10-15,KG,7.5
Beans (red),2009-11-15,KG,7.7
Beans (red),2009-12-15,KG,7.75
Beans (red),2010-01-15,KG,7.75
Beans (red),2010-02-15,KG,8.041666666666666
Beans (red),2010-03-15,KG,8.666
Beans (red),2010-04-15,KG,7.541666666666667
Beans (red),2010-05-15,KG,8.45
Beans (red),2010-06-15,KG,7.75
Beans (red),2010-07-15,KG,8.371666666666668
Beans (red),2010-08-15,KG,8.0
Beans (red),2010-09-15,KG,8.321428571428571
Beans (red),2010-10-15,KG,11.4
Beans (red),2010-11-15,KG,9.428571428571429
Beans (red),2010-12-15,KG,7.838333333333334
Beans (red),2011-01-15,KG,8.594285714285714
Beans (red),2011-02-15,KG,8.464285714285714
Beans (red),2011-03-15,KG,9.541666666666666
Beans (red),2011-04-15,KG,7.785714285714286
Beans (red),2011-05-15,KG,8.5625
Beans (red),2011-06-15,KG,9.976
Beans (red),2011-07-15,KG,11.166666666666666
Beans (red),2011-08-15,KG,12.107142857142858
Beans (red),2011-09-15,KG,13.324000000000002
Beans (red),2011-10-15,KG,14.071428571428571
Beans (red),2011-11-15,KG,14.318333333333332
Beans (red),2011-12-15,KG,13.945
Beans (red),2012-01-15,KG,14.833333333333334
Beans (red),2012-02-15,KG,13.285714285714286
Beans (red),2012-03-15,KG,14.478333333333332
Beans (red),2012-04-15,KG,14.035714285714286
Beans (red),2012-05-15,KG,17.357142857142858
Beans (red),2012-06-15,KG,15.125
Beans (red),2012-07-15,KG,11.166666666666666
Beans (red),2012-08-15,KG,12.2
Beans (red),2012-09-15,KG,13.52
Beans (red),2012-10-15,KG,17.19
Beans (red),2012-11-15,KG,14.28125
Beans (red),2012-12-15,KG,13.714285714285714
Beans (red),2013-01-15,KG,10.625
Beans (red),2013-02-15,KG,9.78125
Beans (red),2013-03-15,KG,9.125
Beans (red),2013-04-15,KG,9.714285714285714
Beans (red),2013-05-15,KG,9.671428571428573
Beans (red),2013-06-15,KG,10.8375
Beans (red),2013-07-15,KG,10.375
Beans (red),2013-08-15,KG,10.3375
Beans (red),2013-09-15,KG,10.6125
Beans (red),2013-10-15,KG,11.3125
Beans (red),2013-11-15,KG,10.75
Beans (red),2013-12-15,KG,10.9375
Beans (red),2014-01-15,KG,16.0
Beans (red),2014-02-15,KG,14.333333333333334
Beans (red),2014-03-15,KG,13.0
Beans (red),2014-04-15,KG,13.333333333333334
Beans (red),2014-05-15,KG,12.333333333333334
Beans (red),2014-06-15,KG,12.666666666666666
Beans (red),2014-07-15,KG,12.666666666666666
Beans (red),2014-08-15,KG,11.071428571428571
Beans (red),2014-09-15,KG,11.035714285714286
Beans (red),2014-10-15,KG,11.564285714285717
Beans (red),2014-11-15,KG,13.952857142857145
Beans (red),2014-12-15,KG,13.6875
Beans (red),2015-01-15,KG,10.0875
Beans (red),2015-02-15,KG,11.642857142857142
Beans (red),2015-03-15,KG,11.37142857142857
Beans (red),2015-04-15,KG,13.325
Beans (red),2015-05-15,KG,15.235
Beans (red),2015-06-15,KG,20.55
Beans (red),2015-07-15,KG,20.39
Beans (red),2015-08-15,KG,20.875
Beans (red),2015-09-15,KG,22.32
Beans (red),2015-10-15,KG,24.494444444444444
Beans (red),2015-11-15,KG,24.5
Beans (red),2015-12-15,KG,29.042857142857144
Beans (red),2016-01-15,KG,32.775
Beans (red),2016-02-15,KG,37.97272727272727
Beans (red),2016-03-15,KG,42.27272727272727
Beans (red),2016-04-15,KG,43.66666666666666
Beans (red),2016-05-15,KG,49.04545454545455
Beans (red),2016-06-15,KG,57.5
Beans (red),2016-07-15,KG,68.46636363636364
Beans (red),2016-08-15,KG,79.95454545454545
Beans (red),2016-09-15,KG,100.175
Beans (red),2016-10-15,KG,100.62
Beans (red),2016-11-15,KG,111.7
Beans (red),2016-12-15,KG,127.7
Beans (red),2017-01-15,KG,139.05555555555554
Beans (red),2017-02-15,KG,146.56
Beans (red),2017-03-15,KG,160.73
Beans (red),2017-04-15,KG,195.7
Beans (red),2017-05-15,KG,215.62
Beans (red),2017-06-15,KG,269.5833333333333
Beans (red),2017-07-15,KG,250.0
Beans (red),2017-08-15,KG,253.8636363636364
Beans (red),2017-09-15,KG,214.25
Beans (red),2017-10-15,KG,236.27272727272728
Beans (red),2017-11-15,KG,261.6
Beans (red),2017-12-15,KG,243.0
Beans (red),2018-01-15,KG,270.4
Beans (red),2018-02-15,KG,372.5
Beans (red),2018-03-15,KG,364.7272727272728
Beans (red),2018-04-15,KG,386.8888888888889
Beans (red),2018-05-15,KG,380.0
Beans (red),2018-06-15,KG,429.8611111111111
Beans (red),2018-07-15,KG,417.6111111111111
Beans (red),2018-08-15,KG,392.0
Beans (red),2018-09-15,KG,378.44444444444446
Beans (red),2018-10-15,KG,328.2857142857143
Beans (red),2018-12-15,KG,347.4
Beans (red),2019-01-15,KG,361.75
Beans (red),2019-02-15,KG,410.0
Beans (red),2019-03-15,KG,404.6075
Beans (red),2019-04-15,KG,378.4166666666667
Beans (red),2019-05-15,KG,351.27272727272725
Beans (red),2019-06-15,KG,386.45454545454544
Beans (red),2019-07-15,KG,452.3333333333333
Beans (red),2019-08-15,KG,443.5
Beans (red),2019-09-15,KG,458.45454545454544
Beans (red),2019-10-15,KG,480.09090909090907
Beans (red),2019-11-15,KG,472.8571428571428
Beans (red),2019-12-15,KG,493.0
Beans (red),2020-01-15,KG,569.9583333333334
Beans (red),2020-02-15,KG,558.0833333333334
Beans (red),2020-03-15,KG,662.5277777777778
Beans (red),2020-04-15,KG,675.9794444444444
Beans (red),2020-05-15,KG,747.378125
Beans (red),2020-06-15,KG,742.7872222222222
Beans (red),2020-07-15,KG,1927.3429411764705
Beans (red),2020-08-15,KG,1011.5577777777778
Beans (red),2020-09-15,KG,828.1541176470589
Beans (red),2020-10-15,KG,741.2515384615385
Beans (red),2020-11-15,KG,841.585
Beans (red),2020-12-15,KG,864.5454545454545
Beans (red),2021-01-15,KG,1016.6671428571428
Beans (red),2021-02-15,KG,867.25
Beans (red),2021-03-15,KG,908.7366666666666
Beans (red),2021-04-15,KG,902.6714285714286
Beans (red),2021-05-15,KG,855.1692857142856
Beans (red),2021-06-15,KG,856.5813333333333
Beans (red),2021-07-15,KG,850.0846666666667
Beans (red),2021-08-15,KG,869.15
Beans (red),2021-09-15,KG,865.5142105263158
Beans (red),2021-10-15,KG,890.2777777777778
Beans (red),2021-11-15,KG,869.9547619047619
Beans (red),2021-12-15,KG,899.3635714285714
Beans (red),2022-01-15,KG,902.811
Beans (red),2022-02-15,KG,921.6965
Beans (red),2022-03-15,KG,893.0147058823529
Beans (red),2022-04-15,KG,903.534210526316
Beans (red),2022-05-15,KG,916.8005263157894
Beans (red),2022-06-15,KG,956.738
Beans (red),2022-07-15,KG,1041.3780000000002
Beans (red),2022-08-15,KG,1233.2677272727271
Beans (red),2022-09-15,KG,1344.1739130434785
Beans (red),2022-10-15,KG,1410.0263636363636
Beans (red),2022-11-15,KG,1381.9065217391303
Beans (red),2022-12-15,KG,1341.122380952381
Beans (red),2023-01-15,KG,1417.3771428571429
Beans (red),2023-02-15,KG,1543.6390909090908
Beans (red),2023-03-15,KG,1778.6475
Beans (red),2023-04-15,KG,1954.3704545454543
Beans (red),2023-05-15,KG,2115.555909090909
Beans (red),2023-06-15,KG,2248.119090909091
Beans (red),2023-07-15,KG,2584.094
Beans (red),2023-08-15,KG,2672.4748
Beans (red),2023-09-15,KG,2464.9425
Beans (red),2023-10-15,KG,2466.0021739130434
Beans (red),2023-11-15,KG,2450.615
Beans (red),2023-12-15,KG,2537.2857894736844
Beans (red),2024-01-15,KG,2507.271176470588
Beans (red),2024-02-15,KG,2873.180714285714
Cassava (dry),2009-05-15,3.5 KG,6.565
Cassava (dry),2009-06-15,3.5 KG,7.375
Cassava (dry),2009-07-15,3.5 KG,8.0
Cassava (dry),2009-08-15,3.5 KG,8.5
Cassava (dry),2009-09-15,3.5 KG,8.940000000000001
Cassava (dry),2009-10-15,3.5 KG,9.125
Cassava (dry),2009-11-15,3.5 KG,8.0
Cassava (dry),2009-12-15,3.5 KG,8.875
Cassava (dry),2010-01-15,3.5 KG,7.0600000000000005
Cassava (dry),2010-02-15,3.5 KG,7.75
Cassava (dry),2010-03-15,3.5 KG,7.665
Cassava (dry),2010-04-15,3.5 KG,8.5
Cassava (dry),2010-05-15,3.5 KG,8.125
Cassava (dry),2010-06-15,3.5 KG,8.5
Cassava (dry),2010-07-15,3.5 KG,9.0
Cassava (dry),2010-08-15,3.5 KG,10.0
Cassava (dry),2010-09-15,3.5 KG,10.0
Cassava (dry),2010-10-15,3.5 KG,10.0
Cassava (dry),2010-11-15,3.5 KG,6.25
Cassava (dry),2010-12-15,3.5 KG,7.9
Cassava (dry),2011-01-15,3.5 KG,8.0
Cassava (dry),2011-02-15,3.5 KG,8.0
Cassava (dry),2011-03-15,3.5 KG,8.059999999999999
Cassava (dry),2011-04-15,3.5 KG,7.81
Cassava (dry),2011-05-15,3.5 KG,7.25
Cassava (dry),2011-06-15,3.5 KG,8.25
Cassava (dry),2011-07-15,3.5 KG,11.0
Cassava (dry),2011-08-15,3.5 KG,11.25
Cassava (dry),2011-09-15,3.5 KG,11.0
Cassava (dry),2011-10-15,3.5 KG,12.31
Cassava (dry),2011-11-15,3.5 KG,10.335
Cassava (dry),2011-12-15,3.5 KG,10.0
Cassava (dry),2012-01-15,3.5 KG,10.0
Cassava (dry),2012-02-15,3.5 KG,10.0
Cassava (dry),2012-03-15,3.5 KG,10.0
Cassava (dry),2012-04-15,3.5 KG,10.0
Cassava (dry),2012-05-15,3.5 KG,10.375
Cassava (dry),2012-07-15,3.5 KG,11.05
Cassava (dry),2012-08-15,3.5 KG,11.25
Cassava (dry),2012-09-15,3.5 KG,11.0
Cassava (dry),2012-10-15,3.5 KG,10.5
Cassava (dry),2012-11-15,3.5 KG,11.67
Cassava (dry),2012-12-15,3.5 KG,11.75
Cassava (dry),2013-04-15,3.5 KG,10.5
Cassava (dry),2013-05-15,3.5 KG,10.5
Cassava (dry),2013-06-15,3.5 KG,13.0
Cassava (dry),2013-07-15,3.5 KG,10.5
Cassava (dry),2013-08-15,3.5 KG,13.25
Cassava (dry),2013-09-15,3.5 KG,13.25
Cassava (dry),2013-10-15,3.5 KG,12.625
Cassava (dry),2013-11-15,3.5 KG,12.625
Cassava (dry),2013-12-15,3.5 KG,13.625
Cassava (dry),2014-01-15,3.5 KG,14.5
Cassava (dry),2014-02-15,3.5 KG,14.0
Cassava (dry),2014-03-15,3.5 KG,11.0
Cassava (dry),2014-04-15,3.5 KG,10.333333333333334
Cassava (dry),2014-05-15,3.5 KG,12.0
Cassava (dry),2014-06-15,3.5 KG,11.5
Cassava (dry),2014-07-15,3.5 KG,11.5
Cassava (dry),2020-03-15,3.5 KG,382.8333333333333
Cassava (dry),2020-04-15,3.5 KG,386.29833333333335
Cassava (dry),2020-05-15,3.5 KG,382.8425
Cassava (dry),2020-06-15,3.5 KG,380.0
Cassava (dry),2020-07-15,3.5 KG,388.388
Cassava (dry),2020-08-15,3.5 KG,501.6671428571429
Cassava (dry),2020-09-15,3.5 KG,668.452
Cassava (dry),2020-10-15,3.5 KG,988.3333333333334
Cassava (dry),2020-11-15,3.5 KG,801.1899999999999
Cassava (dry),2020-12-15,3.5 KG,755.0
Cassava (dry),2021-01-15,3.5 KG,970.0
Cassava (dry),2021-02-15,3.5 KG,975.0
Cassava (dry),2021-03-15,3.5 KG,1014.335
Cassava (dry),2021-04-15,3.5 KG,1050.9266666666665
Cassava (dry),2021-05-15,3.5 KG,987.0683333333332
Cassava (dry),2021-06-15,3.5 KG,983.3333333333334
Cassava (dry),2021-07-15,3.5 KG,1025.3333333333333
Cassava (dry),2021-08-15,3.5 KG,1108.6957142857143
Cassava (dry),2021-09-15,3.5 KG,1067.9483333333335
Cassava (dry),2021-10-15,3.5 KG,1000.0
Cassava (dry),2021-11-15,3.5 KG,990.4175
Cassava (dry),2021-12-15,3.5 KG,972.58
Cassava (dry),2022-01-15,3.5 KG,989.612
Cassava (dry),2022-02-15,3.5 KG,953.0
Cassava (dry),2022-03-15,3.5 KG,874.0733333333334
Cassava (dry),2022-04-15,3.5 KG,860.0
Cassava (dry),2022-05-15,3.5 KG,949.48
Cassava (dry),2022-06-15,3.5 KG,1228.666
Cassava (dry),2022-07-15,3.5 KG,1395.484
Cassava (dry),2022-08-15,3.5 KG,1662.794
Cassava (dry),2022-09-15,3.5 KG,1800.8
Cassava (dry),2022-10-15,3.5 KG,1406.6666666666667
Cassava (dry),2022-11-15,3.5 KG,1453.571428571429
Cassava (dry),2022-12-15,3.5 KG,1432.0516666666665
Cassava (dry),2023-01-15,3.5 KG,1338.804
Cassava (dry),2023-02-15,3.5 KG,2018.395555555556
Cassava (dry),2023-03-15,3.5 KG,2064.1425
Cassava (dry),2023-04-15,3.5 KG,1851.765
Cassava (dry),2023-05-15,3.5 KG,2344.79125
Cassava (dry),2023-06-15,3.5 KG,2203.405714285714
Cassava (dry),2023-07-15,3.5 KG,2502.038571428572
Cassava (dry),2023-08-15,3.5 KG,2281.53
Cassava (dry),2023-09-15,3.5 KG,2037.3275
Cassava (dry),2023-10-15,3.5 KG,2196.828571428571
Cassava (dry),2023-11-15,3.5 KG,2442.442857142857
Cassava (dry),2023-12-15,3.5 KG,2614.63375
Cassava (dry),2024-01-15,3.5 KG,2498.235
Cassava (dry),2024-02-15,3.5 KG,2815.9075000000003
Chicken,2020-03-15,Head,2233.333333333333
Chicken,2020-04-15,Head,2416.6073333333334
Chicken,2020-05-15,Head,3934.375625
Chicken,2020-06-15,Head,2232.592777777778
Chicken,2020-07-15,Head,2419.327058823529
Chicken,2020-08-15,Head,2524.5133333333333
Chicken,2020-09-15,Head,2859.9194117647057
Chicken,2020-10-15,Head,3337.888571428572
Chicken,2020-11-15,Head,3266.828125
Chicken,2020-12-15,Head,3214.501538461539
Chicken,2021-01-15,Head,3500.0
Chicken,2021-02-15,Head,3316.666923076923
Chicken,2021-03-15,Head,3501.4211764705883
Chicken,2021-04-15,Head,3572.569375
Chicken,2021-05-15,Head,3444.2527777777777
Chicken,2021-06-15,Head,3267.331111111111
Chicken,2021-07-15,Head,3402.943333333333
Chicken,2021-08-15,Head,3254.7371428571428
Chicken,2021-09-15,Head,3360.848571428571
Chicken,2021-10-15,Head,3399.5835
Chicken,2021-11-15,Head,3581.2023809523807
Chicken,2021-12-15,Head,3300.5133333333333
Chicken,2022-01-15,Head,3468.920476190476
Chicken,2022-02-15,Head,3544.8719047619047
Chicken,2022-03-15,Head,3595.740555555556
Chicken,2022-04-15,Head,3587.775
Chicken,2022-05-15,Head,4223.114090909091
Chicken,2022-06-15,Head,3597.3505
Chicken,2022-07-15,Head,3732.3115
Chicken,2022-08-15,Head,3985.251363636364
Chicken,2022-09-15,Head,4150.627826086957
Chicken,2022-10-15,Head,4157.765
Chicken,2022-11-15,Head,4146.440869565217
Chicken,2022-12-15,Head,4384.669047619048
Chicken,2023-01-15,Head,4188.7128571428575
Chicken,2023-02-15,Head,6643.3625
Fuel (petrol-gasoline),2012-01-15,L,9.91875
Fuel (petrol-gasoline),2012-02-15,L,9.14
Fuel (petrol-gasoline),2012-03-15,L,8.675
Fuel (petrol-gasoline),2012-04-15,L,11.84375
Fuel (petrol-gasoline),2012-05-15,L,14.3125
Fuel (petrol-gasoline),2012-06-15,L,14.1775
Fuel (petrol-gasoline),2012-07-15,L,11.964285714285714
Fuel (petrol-gasoline),2012-08-15,L,11.321428571428571
Fuel (petrol-gasoline),2012-09-15,L,11.0625
Fuel (petrol-gasoline),2012-10-15,L,10.78125
Fuel (petrol-gasoline),2012-11-15,L,11.34
Fuel (petrol-gasoline),2012-12-15,L,11.84375
Fuel (petrol-gasoline),2013-01-15,L,10.78125
Fuel (petrol-gasoline),2013-02-15,L,10.321428571428571
Fuel (petrol-gasoline),2013-03-15,L,10.5625
Fuel (petrol-gasoline),2013-04-15,L,10.357142857142858
Fuel (petrol-gasoline),2013-05-15,L,10.678571428571429
Fuel (petrol-gasoline),2013-06-15,L,11.071428571428571
Fuel (petrol-gasoline),2013-07-15,L,10.35875
Fuel (petrol-gasoline),2013-08-15,L,10.857142857142858
Fuel (petrol-gasoline),2013-09-15,L,10.357142857142858
Fuel (petrol-gasoline),2013-10-15,L,11.0
Fuel (petrol-gasoline),2013-11-15,L,10.785714285714286
Fuel (petrol-gasoline),2013-12-15,L,10.25
Fuel (petrol-gasoline),2014-01-15,L,8.666666666666666
Fuel (petrol-gasoline),2014-02-15,L,8.333333333333334
Fuel (petrol-gasoline),2014-03-15,L,8.333333333333334
Fuel (petrol-gasoline),2014-04-15,L,8.333333333333334
Fuel (petrol-gasoline),2014-05-15,L,8.333333333333334
Fuel (petrol-gasoline),2014-06-15,L,8.333333333333334
Fuel (petrol-gasoline),2014-07-15,L,8.333333333333334
Fuel (petrol-gasoline),2015-05-15,L,13.7
Fuel (petrol-gasoline),2015-06-15,L,12.45
Fuel (petrol-gasoline),2015-07-15,L,11.875
Fuel (petrol-gasoline),2015-08-15,L,12.5
Fuel (petrol-gasoline),2015-09-15,L,13.96
Fuel (petrol-gasoline),2015-10-15,L,29.75
Fuel (petrol-gasoline),2015-11-15,L,18.33333333333333
Fuel (petrol-gasoline),2015-12-15,L,22.0
Fuel (petrol-gasoline),2016-01-15,L,31.0
Fuel (petrol-gasoline),2016-02-15,L,29.95
Fuel (petrol-gasoline),2016-03-15,L,34.535714285714285
Fuel (petrol-gasoline),2016-04-15,L,31.49285714285714
Fuel (petrol-gasoline),2016-05-15,L,34.2
Fuel (petrol-gasoline),2016-06-15,L,61.25
Fuel (petrol-gasoline),2016-07-15,L,77.4
Fuel (petrol-gasoline),2016-08-15,L,106.88333333333333
Fuel (petrol-gasoline),2016-09-15,L,175.83333333333334
Fuel (petrol-gasoline),2016-10-15,L,104.0
Fuel (petrol-gasoline),2016-11-15,L,93.1
Fuel (petrol-gasoline),2016-12-15,L,100.26
Fuel (petrol-gasoline),2017-01-15,L,131.55
Fuel (petrol-gasoline),2017-02-15,L,118.5
Fuel (petrol-gasoline),2017-03-15,L,114.28333333333336
Fuel (petrol-gasoline),2017-04-15,L,114.58333333333331
Fuel (petrol-gasoline),2017-05-15,L,117.375
Fuel (petrol-gasoline),2017-06-15,L,257.625
Fuel (petrol-gasoline),2017-07-15,L,266.5
Fuel (petrol-gasoline),2017-08-15,L,242.7142857142857
Fuel (petrol-gasoline),2017-10-15,L,342.25
Fuel (petrol-gasoline),2017-11-15,L,272.5
Fuel (petrol-gasoline),2017-12-15,L,269.4
Fuel (petrol-gasoline),2018-01-15,L,254.8571428571429
Fuel (petrol-gasoline),2018-03-15,L,281.6666666666667
Fuel (petrol-gasoline),2018-04-15,L,358.675
Fuel (petrol-gasoline),2018-06-15,L,359.6
Fuel (petrol-gasoline),2018-07-15,L,391.5
Fuel (petrol-gasoline),2018-08-15,L,378.0
Fuel (petrol-gasoline),2018-09-15,L,243.75
Fuel (petrol-gasoline),2018-10-15,L,243.75
Fuel (petrol-gasoline),2018-12-15,L,262.0
Fuel (petrol-gasoline),2019-01-15,L,254.25
Fuel (petrol-gasoline),2019-02-15,L,248.75
Fuel (petrol-gasoline),2019-03-15,L,328.1666666666667
Fuel (petrol-gasoline),2019-04-15,L,311.2857142857143
Fuel (petrol-gasoline),2019-05-15,L,285.1666666666667
Fuel (petrol-gasoline),2019-06-15,L,297.6666666666667
Fuel (petrol-gasoline),2019-07-15,L,300.1428571428572
Fuel (petrol-gasoline),2019-08-15,L,295.3333333333333
Fuel (petrol-gasoline),2019-09-15,L,308.4166666666667
Fuel (petrol-gasoline),2019-10-15,L,308.0
Fuel (petrol-gasoline),2019-11-15,L,210.0
Fuel (petrol-gasoline),2019-12-15,L,250.0
Fuel (petrol-gasoline),2020-01-15,L,312.1666666666667
Fuel (petrol-gasoline),2020-02-15,L,310.5
Fuel (petrol-gasoline),2020-03-15,L,333.625
Fuel (petrol-gasoline),2020-04-15,L,340.21375
Fuel (petrol-gasoline),2020-05-15,L,350.30833333333334
Fuel (petrol-gasoline),2020-06-15,L,376.29125
Fuel (petrol-gasoline),2020-07-15,L,380.76625
Fuel (petrol-gasoline),2020-08-15,L,361.95125
Fuel (petrol-gasoline),2020-09-15,L,377.47
Fuel (petrol-gasoline),2020-10-15,L,440.7000000000001
Fuel (petrol-gasoline),2020-11-15,L,583.034
Fuel (petrol-gasoline),2020-12-15,L,591.8125
Fuel (petrol-gasoline),2021-01-15,L,457.1428571428572
Fuel (petrol-gasoline),2021-02-15,L,467.6785714285714
Fuel (petrol-gasoline),2021-03-15,L,585.9644444444444
Fuel (petrol-gasoline),2021-04-15,L,620.7411111111111
Fuel (petrol-gasoline),2021-05-15,L,697.5972727272728
Fuel (petrol-gasoline),2021-06-15,L,692.9127272727272
Fuel (petrol-gasoline),2021-07-15,L,510.89125
Fuel (petrol-gasoline),2021-08-15,L,633.4241666666667
Fuel (petrol-gasoline),2021-09-15,L,630.3208333333333
Fuel (petrol-gasoline),2021-10-15,L,552.5
Fuel (petrol-gasoline),2021-11-15,L,615.1591666666667
Fuel (petrol-gasoline),2021-12-15,L,584.3162500000001
Fuel (petrol-gasoline),2022-01-15,L,778.006923076923
Fuel (petrol-gasoline),2022-02-15,L,844.7038461538461
Fuel (petrol-gasoline),2022-03-15,L,803.8891666666667
Fuel (petrol-gasoline),2022-04-15,L,784.2761538461539
Fuel (petrol-gasoline),2022-05-15,L,904.2264285714284
Fuel (petrol-gasoline),2022-06-15,L,1011.6315384615384
Fuel (petrol-gasoline),2022-07-15,L,1087.1533333333334
Fuel (petrol-gasoline),2022-08-15,L,1408.4371428571428
Fuel (petrol-gasoline),2022-09-15,L,1411.3246153846155
Fuel (petrol-gasoline),2022-10-15,L,1261.333076923077
Fuel (petrol-gasoline),2022-11-15,L,1301.8273333333334
Fuel (petrol-gasoline),2022-12-15,L,1256.496923076923
Fuel (petrol-gasoline),2023-01-15,L,1221.1591666666666
Fuel (petrol-gasoline),2023-02-15,L,1275.76
Fuel (petrol-gasoline),2023-03-15,L,1300.5594117647058
Fuel (petrol-gasoline),2023-04-15,L,1577.7544444444443
Fuel (petrol-gasoline),2023-05-15,L,1521.145625
Fuel (petrol-gasoline),2023-06-15,L,1500.174375
Fuel (petrol-gasoline),2023-07-15,L,2025.3722727272727
Fuel (petrol-gasoline),2023-08-15,L,1791.986
Fuel (petrol-gasoline),2023-09-15,L,1820.0919047619047
Fuel (petrol-gasoline),2023-10-15,L,1582.0329411764706
Fuel (petrol-gasoline),2023-11-15,L,2000.816
Fuel (petrol-gasoline),2023-12-15,L,2089.300666666667
Fuel (petrol-gasoline),2024-01-15,L,2186.9166666666665
Fuel (petrol-gasoline),2024-02-15,L,1937.5055555555557
Maize (white),2007-08-15,3.5 KG,2.7
Maize (white),2007-09-15,3.5 KG,4.09
Maize (white),2007-10-15,3.5 KG,3.765
Maize (white),2007-11-15,3.5 KG,4.07
Maize (white),2007-12-15,3.5 KG,4.1
Maize (white),2008-01-15,3.5 KG,4.315
Maize (white),2008-02-15,3.5 KG,4.455
Maize (white),2008-03-15,3.5 KG,5.025
Maize (white),2008-04-15,3.5 KG,5.215
Maize (white),2008-05-15,3.5 KG,5.07
Maize (white),2008-06-15,3.5 KG,5.173333333333333
Maize (white),2008-07-15,3.5 KG,5.4350000000000005
Maize (white),2008-08-15,3.5 KG,5.743333333333333
Maize (white),2008-09-15,3.5 KG,6.0200000000000005
Maize (white),2008-10-15,3.5 KG,4.786666666666666
Maize (white),2008-11-15,3.5 KG,4.583333333333333
Maize (white),2008-12-15,3.5 KG,4.800000000000001
Maize (white),2009-01-15,3.5 KG,6.033333333333334
Maize (white),2009-02-15,3.5 KG,5.766666666666667
Maize (white),2009-03-15,3.5 KG,5.2
Maize (white),2009-04-15,3.5 KG,5.225
Maize (white),2009-05-15,3.5 KG,5.03
Maize (white),2009-06-15,3.5 KG,4.925
Maize (white),2009-07-15,3.5 KG,5.3875
Maize (white),2009-08-15,3.5 KG,4.726666666666667
Maize (white),2009-09-15,3.5 KG,4.8525
Maize (white),2009-10-15,3.5 KG,5.55
Maize (white),2009-11-15,3.5 KG,5.516
Maize (white),2009-12-15,3.5 KG,5.972
Maize (white),2010-01-15,3.5 KG,6.843999999999999
Maize (white),2010-02-15,3.5 KG,5.720000000000001
Maize (white),2010-03-15,3.5 KG,4.833333333333333
Maize (white),2010-04-15,3.5 KG,7.673999999999999
Maize (white),2010-05-15,3.5 KG,4.97
Maize (white),2010-06-15,3.5 KG,7.5
Maize (white),2010-07-15,3.5 KG,6.166666666666667
Maize (white),2010-08-15,3.5 KG,6.5
Maize (white),2010-09-15,3.5 KG,7.979999999999999
Maize (white),2010-10-15,3.5 KG,6.833333333333333
Maize (white),2010-11-15,3.5 KG,10.276
Maize (white),2010-12-15,3.5 KG,9.74
Maize (white),2011-01-15,3.5 KG,9.95
Maize (white),2011-02-15,3.5 KG,9.074
Maize (white),2011-03-15,3.5 KG,9.232
Maize (white),2011-04-15,3.5 KG,9.724
Maize (white),2011-05-15,3.5 KG,8.040000000000001
Maize (white),2011-06-15,3.5 KG,11.596666666666666
Maize (white),2011-07-15,3.5 KG,9.373333333333331
Maize (white),2011-08-15,3.5 KG,8.75
Maize (white),2011-09-15,3.5 KG,12.5
Maize (white),2011-10-15,3.5 KG,9.55
Maize (white),2011-11-15,3.5 KG,10.3425
Maize (white),2011-12-15,3.5 KG,11.5
Maize (white),2012-01-15,3.5 KG,12.22
Maize (white),2012-02-15,3.5 KG,12.25
Maize (white),2012-03-15,3.5 KG,13.84
Maize (white),2012-04-15,3.5 KG,13.392857142857142
Maize (white),2012-05-15,3.5 KG,17.821428571428573
Maize (white),2012-07-15,3.5 KG,8.65
Maize (white),2012-08-15,3.5 KG,55.150000000000006
Maize (white),2012-09-15,3.5 KG,74.02000000000001
Maize (white),2012-10-15,3.5 KG,11.107142857142858
Maize (white),2012-11-15,3.5 KG,11.464285714285714
Maize (white),2012-12-15,3.5 KG,11.375
Maize (white),2013-01-15,3.5 KG,12.15625
Maize (white),2013-02-15,3.5 KG,13.99375
Maize (white),2013-03-15,3.5 KG,12.8375
Maize (white),2013-04-15,3.5 KG,14.542857142857144
Maize (white),2013-05-15,3.5 KG,14.714285714285714
Maize (white),2013-06-15,3.5 KG,14.4375
Maize (white),2013-07-15,3.5 KG,14.0625
Maize (white),2013-08-15,3.5 KG,14.125
Maize (white),2013-09-15,3.5 KG,14.03125
Maize (white),2013-10-15,3.5 KG,13.03125
Maize (white),2013-11-15,3.5 KG,13.125
Maize (white),2013-12-15,3.5 KG,12.89375
Maize (white),2014-01-15,3.5 KG,10.0
Maize (white),2014-02-15,3.5 KG,9.333333333333334
Maize (white),2014-03-15,3.5 KG,9.333333333333334
Maize (white),2014-04-15,3.5 KG,9.0
Maize (white),2014-05-15,3.5 KG,9.0
Maize (white),2014-06-15,3.5 KG,10.0
Maize (white),2014-07-15,3.5 KG,10.0
Maize (white),2014-08-15,3.5 KG,12.833333333333334
Maize (white),2014-09-15,3.5 KG,12.25
Maize (white),2014-10-15,3.5 KG,11.625
Maize (white),2014-11-15,3.5 KG,14.48
Maize (white),2014-12-15,3.5 KG,12.8125
Maize (white),2015-01-15,3.5 KG,15.7125
Maize (white),2015-02-15,3.5 KG,14.028571428571428
Maize (white),2015-03-15,3.5 KG,11.28
Maize (white),2015-04-15,3.5 KG,19.6875
Maize (white),2015-05-15,3.5 KG,25.65
Maize (white),2015-06-15,3.5 KG,26.33333333333333
Maize (white),2015-07-15,3.5 KG,27.96666666666667
Maize (white),2015-08-15,3.5 KG,28.416666666666668
Maize (white),2015-09-15,3.5 KG,26.83333333333333
Maize (white),2015-10-15,3.5 KG,29.22
Maize (white),2015-11-15,3.5 KG,34.2
Maize (white),2015-12-15,3.5 KG,38.45
Maize (white),2016-01-15,3.5 KG,36.57142857142857
Maize (white),2016-02-15,3.5 KG,43.3
Maize (white),2016-03-15,3.5 KG,56.88333333333333
Maize (white),2016-04-15,3.5 KG,52.333333333333336
Maize (white),2016-05-15,3.5 KG,62.7
Maize (white),2016-06-15,3.5 KG,68.3
Maize (white),2016-07-15,3.5 KG,125.0
Maize (white),2016-08-15,3.5 KG,155.69500000000002
Maize (white),2016-09-15,3.5 KG,120.58333333333331
Maize (white),2016-10-15,3.5 KG,149.79166666666666
Maize (white),2016-11-15,3.5 KG,173.625
Maize (white),2016-12-15,3.5 KG,202.79166666666663
Maize (white),2017-01-15,3.5 KG,233.5
Maize (white),2017-02-15,3.5 KG,221.91666666666663
Maize (white),2017-03-15,3.5 KG,240.16666666666663
Maize (white),2017-04-15,3.5 KG,304.1666666666667
Maize (white),2017-05-15,3.5 KG,391.5
Maize (white),2017-06-15,3.5 KG,329.6666666666667
Maize (white),2017-07-15,3.5 KG,321.0
Maize (white),2017-08-15,3.5 KG,287.3
Maize (white),2017-10-15,3.5 KG,257.1666666666667
Maize (white),2017-11-15,3.5 KG,230.0
Maize (white),2017-12-15,3.5 KG,245.42857142857144
Maize (white),2018-01-15,3.5 KG,285.625
Maize (white),2018-03-15,3.5 KG,355.875
Maize (white),2018-04-15,3.5 KG,392.125
Maize (white),2018-06-15,3.5 KG,398.8571428571428
Maize (white),2018-07-15,3.5 KG,417.9285714285714
Maize (white),2018-08-15,3.5 KG,385.8333333333333
Maize (white),2018-09-15,3.5 KG,370.5833333333333
Maize (white),2018-10-15,3.5 KG,326.5
Maize (white),2018-12-15,3.5 KG,364.7142857142857
Maize (white),2019-01-15,3.5 KG,328.5
Maize (white),2019-02-15,3.5 KG,327.6666666666667
Maize (white),2019-04-15,3.5 KG,374.0
Maize (white),2019-05-15,3.5 KG,300.0
Maize (white),2019-08-15,3.5 KG,150.0
Maize (white),2019-09-15,3.5 KG,269.0
Maize (white),2019-10-15,3.5 KG,300.0
Maize (white),2019-11-15,3.5 KG,382.0
Maize (white),2019-12-15,3.5 KG,425.6
Maize (white),2020-01-15,3.5 KG,459.1
Maize (white),2020-02-15,3.5 KG,224.0
Maize (white),2020-03-15,3.5 KG,427.25
Maize (white),2020-04-15,3.5 KG,428.45875
Maize (white),2020-05-15,3.5 KG,483.3528571428571
Maize (white),2020-06-15,3.5 KG,548.8888888888889
Maize (white),2020-07-15,3.5 KG,613.0644444444445
Maize (white),2020-08-15,3.5 KG,789.8900000000001
Maize (white),2020-09-15,3.5 KG,1165.1422222222222
Maize (white),2020-10-15,3.5 KG,647.6566666666666
Maize (white),2020-11-15,3.5 KG,782.729
Maize (white),2020-12-15,3.5 KG,956.0057142857142
Maize (white),2021-01-15,3.5 KG,828.3340000000001
Maize (white),2021-02-15,3.5 KG,1045.41625
Maize (white),2021-03-15,3.5 KG,941.08625
Maize (white),2021-04-15,3.5 KG,971.18125
Maize (white),2021-05-15,3.5 KG,915.196
Maize (white),2021-06-15,3.5 KG,904.696
Maize (white),2021-07-15,3.5 KG,848.8688888888888
Maize (white),2021-08-15,3.5 KG,820.4708333333333
Maize (white),2021-09-15,3.5 KG,793.835
Maize (white),2021-10-15,3.5 KG,806.25
Maize (white),2021-11-15,3.5 KG,818.7184615384615
Maize (white),2021-12-15,3.5 KG,892.475
Maize (white),2022-01-15,3.5 KG,903.0284615384614
Maize (white),2022-02-15,3.5 KG,955.8333333333334
Maize (white),2022-03-15,3.5 KG,845.4545454545455
Maize (white),2022-04-15,3.5 KG,882.6715384615384
Maize (white),2022-05-15,3.5 KG,908.493076923077
Maize (white),2022-06-15,3.5 KG,964.3423076923076
Maize (white),2022-07-15,3.5 KG,1295.1963636363637
Maize (white),2022-08-15,3.5 KG,1719.691
Maize (white),2022-09-15,3.5 KG,1685.888
Maize (white),2022-10-15,3.5 KG,1508.333
Maize (white),2022-11-15,3.5 KG,1505.0369999999998
Maize (white),2022-12-15,3.5 KG,1743.871
Maize (white),2023-01-15,3.5 KG,1607.664
Maize (white),2023-02-15,3.5 KG,1850.785
Maize (white),2023-03-15,3.5 KG,2010.28
Maize (white),2023-04-15,3.5 KG,2492.956
Maize (white),2023-05-15,3.5 KG,2700.02625
Maize (white),2023-06-15,3.5 KG,3071.369285714285
Maize (white),2023-07-15,3.5 KG,3481.41
Maize (white),2023-08-15,3.5 KG,3150.3413333333333
Maize (white),2023-09-15,3.5 KG,2783.3686666666667
Maize (white),2023-10-15,3.5 KG,2698.07875
Maize (white),2023-11-15,3.5 KG,2434.4664285714284
Maize (white),2023-12-15,3.5 KG,2699.148333333333
Maize (white),2024-01-15,3.5 KG,2651.204444444445
Maize (white),2024-02-15,3.5 KG,3135.712857142857
Meat (beef),2020-03-15,KG,1063.235294117647
Meat (beef),2020-04-15,KG,1105.4170588235295
Meat (beef),2020-05-15,KG,1111.764705882353
Meat (beef),2020-06-15,KG,1174.3857894736843
Meat (beef),2020-07-15,KG,1216.8731578947368
Meat (beef),2020-08-15,KG,1230.9157894736843
Meat (beef),2020-09-15,KG,1293.4483333333333
Meat (beef),2020-10-15,KG,1429.571428571429
Meat (beef),2020-11-15,KG,1408.6558823529413
Meat (beef),2020-12-15,KG,1493.2671428571427
Meat (beef),2021-01-15,KG,1602.3149999999998
Meat (beef),2021-02-15,KG,1617.2220000000002
Meat (beef),2021-03-15,KG,1687.361111111111
Meat (beef),2021-04-15,KG,1738.2358823529412
Meat (beef),2021-05-15,KG,1712.5057894736842
Meat (beef),2021-06-15,KG,1657.5036842105262
Meat (beef),2021-07-15,KG,1742.4515789473685
Meat (beef),2021-08-15,KG,1672.3068181818182
Meat (beef),2021-09-15,KG,1692.117727272727
Meat (beef),2021-10-15,KG,1730.952380952381
Meat (beef),2021-11-15,KG,1777.291818181818
Meat (beef),2021-12-15,KG,1769.814
Meat (beef),2022-01-15,KG,1888.2640909090908
Meat (beef),2022-02-15,KG,1915.5245454545452
Meat (beef),2022-03-15,KG,1865.4736842105265
Meat (beef),2022-04-15,KG,1848.124761904762
Meat (beef),2022-05-15,KG,1965.5509090909093
Meat (beef),2022-06-15,KG,2020.9371428571428
Meat (beef),2022-07-15,KG,2079.512380952381
Meat (beef),2022-08-15,KG,2132.609130434783
Meat (beef),2022-09-15,KG,2139.304347826087
Meat (beef),2022-10-15,KG,2178.788181818182
Meat (beef),2022-11-15,KG,2233.485
Meat (beef),2022-12-15,KG,2303.226
Meat (beef),2023-01-15,KG,2286.9173684210527
Meat (beef),2023-02-15,KG,2484.597272727273
Meat (beef),2023-03-15,KG,2457.5468
Meat (beef),2023-04-15,KG,2594.6125
Meat (beef),2023-05-15,KG,3030.9029166666664
Meat (beef),2023-06-15,KG,3198.814782608696
Meat (beef),2023-07-15,KG,3261.718571428571
Meat (beef),2023-08-15,KG,3501.8796296296296
Meat (beef),2023-09-15,KG,3686.7588
Meat (beef),2023-10-15,KG,3974.167083333333
Meat (beef),2023-11-15,KG,4118.647391304347
Meat (beef),2023-12-15,KG,4163.663500000001
Meat (beef),2024-01-15,KG,4106.727222222222
Meat (beef),2024-02-15,KG,4275.0075
Oil (vegetable),2013-04-15,L,12.314285714285717
Oil (vegetable),2013-05-15,L,12.55714285714286
Oil (vegetable),2013-06-15,L,13.2125
Oil (vegetable),2013-07-15,L,11.5
Oil (vegetable),2013-08-15,L,13.2375
Oil (vegetable),2013-09-15,L,13.5875
Oil (vegetable),2013-10-15,L,12.15625
Oil (vegetable),2013-11-15,L,11.53125
Oil (vegetable),2013-12-15,L,12.46875
Oil (vegetable),2014-01-15,L,11.333333333333334
Oil (vegetable),2014-02-15,L,10.333333333333334
Oil (vegetable),2014-03-15,L,11.666666666666666
Oil (vegetable),2014-04-15,L,10.0
Oil (vegetable),2014-05-15,L,8.666666666666666
Oil (vegetable),2014-06-15,L,9.333333333333334
Oil (vegetable),2014-07-15,L,9.333333333333334
Oil (vegetable),2014-08-15,L,11.875
Oil (vegetable),2014-09-15,L,12.25
Oil (vegetable),2014-10-15,L,12.59375
Oil (vegetable),2014-11-15,L,15.37
Oil (vegetable),2014-12-15,L,12.6625
Oil (vegetable),2015-01-15,L,13.125
Oil (vegetable),2015-02-15,L,15.75
Oil (vegetable),2015-03-15,L,14.575
Oil (vegetable),2015-04-15,L,17.0
Oil (vegetable),2015-05-15,L,18.345454545454547
Oil (vegetable),2015-06-15,L,20.78181818181818
Oil (vegetable),2015-07-15,L,24.13636363636364
Oil (vegetable),2015-08-15,L,25.022727272727277
Oil (vegetable),2015-09-15,L,27.163636363636364
Oil (vegetable),2015-10-15,L,25.00555555555556
Oil (vegetable),2015-11-15,L,29.481818181818184
Oil (vegetable),2015-12-15,L,31.345454545454547
Oil (vegetable),2016-01-15,L,38.020833333333336
Oil (vegetable),2016-02-15,L,52.40909090909091
Oil (vegetable),2016-03-15,L,53.25
Oil (vegetable),2016-04-15,L,52.208333333333336
Oil (vegetable),2016-05-15,L,66.4090909090909
Oil (vegetable),2016-06-15,L,71.16181818181818
Oil (vegetable),2016-07-15,L,105.2190909090909
Oil (vegetable),2016-08-15,L,132.97727272727272
Oil (vegetable),2016-09-15,L,117.875
Oil (vegetable),2016-10-15,L,120.5
Oil (vegetable),2016-11-15,L,132.305
Oil (vegetable),2016-12-15,L,139.82
Oil (vegetable),2017-01-15,L,185.36111111111111
Oil (vegetable),2017-02-15,L,189.12
Oil (vegetable),2017-03-15,L,206.6
Oil (vegetable),2017-04-15,L,236.15
Oil (vegetable),2017-05-15,L,255.0
Oil (vegetable),2017-06-15,L,280.5833333333333
Oil (vegetable),2017-07-15,L,295.72727272727275
Oil (vegetable),2017-08-15,L,275.5345454545455
Oil (vegetable),2017-09-15,L,312.5
Oil (vegetable),2017-10-15,L,293.1818181818182
Oil (vegetable),2017-11-15,L,301.0
Oil (vegetable),2017-12-15,L,292.8
Oil (vegetable),2018-01-15,L,297.4
Oil (vegetable),2018-02-15,L,397.25
Oil (vegetable),2018-03-15,L,372.09090909090907
Oil (vegetable),2018-04-15,L,445.45
Oil (vegetable),2018-05-15,L,378.0
Oil (vegetable),2018-06-15,L,482.1388888888889
Oil (vegetable),2018-07-15,L,467.4
Oil (vegetable),2018-08-15,L,404.1111111111111
Oil (vegetable),2018-09-15,L,474.73333333333335
Oil (vegetable),2018-10-15,L,390.5
Oil (vegetable),2018-11-15,L,379.25
Oil (vegetable),2018-12-15,L,493.3
Oil (vegetable),2019-01-15,L,495.25
Oil (vegetable),2019-02-15,L,479.0
Oil (vegetable),2019-03-15,L,510.3333333333333
Oil (vegetable),2019-04-15,L,566.6666666666666
Oil (vegetable),2019-05-15,L,554.1818181818181
Oil (vegetable),2019-06-15,L,519.1818181818181
Oil (vegetable),2019-07-15,L,568.5833333333334
Oil (vegetable),2019-08-15,L,555.5
Oil (vegetable),2019-09-15,L,536.1363636363636
Oil (vegetable),2019-10-15,L,559.8181818181819
Oil (vegetable),2019-11-15,L,551.5714285714286
Oil (vegetable),2019-12-15,L,561.8571428571429
Oil (vegetable),2020-01-15,L,589.0
Oil (vegetable),2020-02-15,L,614.25
Oil (vegetable),2020-03-15,L,664.3421052631579
Oil (vegetable),2020-04-15,L,998.6836842105262
Oil (vegetable),2020-05-15,L,714.2888235294117
Oil (vegetable),2020-06-15,L,648.1136842105263
Oil (vegetable),2020-07-15,L,686.9215789473684
Oil (vegetable),2020-08-15,L,725.8542105263158
Oil (vegetable),2020-09-15,L,853.6322222222223
Oil (vegetable),2020-10-15,L,889.76
Oil (vegetable),2020-11-15,L,922.1441176470588
Oil (vegetable),2020-12-15,L,1040.8021428571428
Oil (vegetable),2021-01-15,L,1087.499375
Oil (vegetable),2021-02-15,L,1087.5
Oil (vegetable),2021-03-15,L,1253.381666666667
Oil (vegetable),2021-04-15,L,1407.189411764706
Oil (vegetable),2021-05-15,L,1428.6752631578947
Oil (vegetable),2021-06-15,L,1423.341052631579
Oil (vegetable),2021-07-15,L,1369.027894736842
Oil (vegetable),2021-08-15,L,1326.405909090909
Oil (vegetable),2021-09-15,L,1318.641818181818
Oil (vegetable),2021-10-15,L,1292.857142857143
Oil (vegetable),2021-11-15,L,1395.9854545454546
Oil (vegetable),2021-12-15,L,1263.4986666666666
Oil (vegetable),2022-01-15,L,1385.1618181818185
Oil (vegetable),2022-02-15,L,1388.3863636363635
Oil (vegetable),2022-03-15,L,1441.9294736842105
Oil (vegetable),2022-04-15,L,1447.8719047619047
Oil (vegetable),2022-05-15,L,1540.6872727272728
Oil (vegetable),2022-06-15,L,1666.2009523809525
Oil (vegetable),2022-07-15,L,1898.88
Oil (vegetable),2022-08-15,L,2142.7130434782607
Oil (vegetable),2022-09-15,L,2231.826086956521
Oil (vegetable),2022-10-15,L,2196.817727272727
Oil (vegetable),2022-11-15,L,2005.9582608695653
Oil (vegetable),2022-12-15,L,1918.0157142857145
Oil (vegetable),2023-01-15,L,2036.7461904761903
Oil (vegetable),2023-02-15,L,2039.297272727273
Oil (vegetable),2023-03-15,L,2268.4234615384617
Oil (vegetable),2023-04-15,L,2422.8145833333333
Oil (vegetable),2023-05-15,L,2429.278333333333
Oil (vegetable),2023-06-15,L,2542.5104347826086
Oil (vegetable),2023-07-15,L,2760.1067857142857
Oil (vegetable),2023-08-15,L,2803.1959259259256
Oil (vegetable),2023-09-15,L,2697.2696
Oil (vegetable),2023-10-15,L,2657.18625
Oil (vegetable),2023-11-15,L,2694.2721739130434
Oil (vegetable),2023-12-15,L,2612.2490000000003
Oil (vegetable),2024-01-15,L,2677.7433333333333
Oil (vegetable),2024-02-15,L,2975.137058823529
Rice,2018-03-15,KG,320.77777777777777
Rice,2018-04-15,KG,305.77777777777777
Rice,2018-06-15,KG,348.25
Rice,2018-07-15,KG,350.5833333333333
Rice,2018-08-15,KG,318.42857142857144
Rice,2018-09-15,KG,357.9375
Rice,2018-10-15,KG,297.85714285714283
Rice,2018-12-15,KG,362.55555555555554
Rice,2019-01-15,KG,326.8181818181818
Rice,2019-02-15,KG,338.8181818181818
Rice,2019-03-15,KG,391.1818181818182
Rice,2019-04-15,KG,372.7
Rice,2019-05-15,KG,361.22222222222223
Rice,2019-06-15,KG,383.6111111111111
Rice,2019-07-15,KG,438.05
Rice,2019-08-15,KG,419.9
Rice,2019-09-15,KG,390.8888888888889
Rice,2019-10-15,KG,392.22222222222223
Rice,2019-12-15,KG,525.0
Rice,2020-01-15,KG,400.27272727272725
Rice,2020-02-15,KG,403.6363636363636
Rice,2020-03-15,KG,404.96153846153845
Rice,2020-04-15,KG,414.60181818181815
Rice,2020-05-15,KG,487.035
Rice,2020-06-15,KG,440.16636363636366
Rice,2020-07-15,KG,484.6372727272728
Rice,2020-08-15,KG,529.1633333333333
Rice,2020-09-15,KG,569.059
Rice,2020-10-15,KG,608.8181818181819
Rice,2020-11-15,KG,688.5127272727273
Rice,2020-12-15,KG,694.6479999999999
Rice,2021-01-15,KG,675.5384615384615
Rice,2021-02-15,KG,733.2118181818182
Rice,2021-03-15,KG,769.8592307692307
Rice,2021-04-15,KG,776.0558333333333
Rice,2021-05-15,KG,781.3423076923077
Rice,2021-06-15,KG,724.7415384615384
Rice,2021-07-15,KG,717.2066666666666
Rice,2021-08-15,KG,711.8784615384616
Rice,2021-09-15,KG,659.6116666666667
Rice,2021-10-15,KG,615.9716666666667
Rice,2021-11-15,KG,654.9283333333334
Rice,2021-12-15,KG,719.1850000000001
Rice,2022-01-15,KG,668.8930769230769
Rice,2022-02-15,KG,670.6038461538462
Rice,2022-03-15,KG,681.88
Rice,2022-04-15,KG,707.4108333333334
Rice,2022-05-15,KG,738.1023076923077
Rice,2022-06-15,KG,776.0746153846153
Rice,2022-07-15,KG,878.0618181818182
Rice,2022-08-15,KG,1031.0341666666666
Rice,2022-09-15,KG,1085.305
Rice,2022-10-15,KG,1055.75
Rice,2022-11-15,KG,1154.4392857142857
Rice,2022-12-15,KG,1174.801818181818
Rice,2023-01-15,KG,1027.825
Rice,2023-02-15,KG,1051.4835714285714
Rice,2023-03-15,KG,1141.683076923077
Rice,2023-04-15,KG,1445.5166666666669
Rice,2023-05-15,KG,1516.75
Rice,2023-06-15,KG,1627.2658333333331
Rice,2023-07-15,KG,1813.756666666667
Rice,2023-08-15,KG,2003.1164285714287
Rice,2023-09-15,KG,1846.535
Rice,2023-10-15,KG,1923.5364285714284
Rice,2023-11-15,KG,1992.41
Rice,2023-12-15,KG,1805.7818181818184
Rice,2024-01-15,KG,1836.374
Rice,2024-02-15,KG,1933.209
Sorghum (brown),2020-05-15,3.5 KG,529.375
Sorghum (brown),2020-06-15,3.5 KG,704.395
Sorghum (brown),2020-07-15,3.5 KG,789.84
Sorghum (brown),2020-08-15,3.5 KG,824.0133333333334
Sorghum (brown),2020-09-15,3.5 KG,917.4675
Sorghum (brown),2020-10-15,3.5 KG,791.6666666666666
Sorghum (brown),2020-11-15,3.5 KG,913.1753846153848
Sorghum (brown),2020-12-15,3.5 KG,889.8149999999999
Sorghum (brown),2021-01-15,3.5 KG,963.0558333333332
Sorghum (brown),2021-02-15,3.5 KG,1078.333
Sorghum (brown),2021-03-15,3.5 KG,1023.5435714285716
Sorghum (brown),2021-04-15,3.5 KG,1083.5469230769231
Sorghum (brown),2021-05-15,3.5 KG,1101.8473333333334
Sorghum (brown),2021-06-15,3.5 KG,1046.4666666666667
Sorghum (brown),2021-07-15,3.5 KG,996.365
Sorghum (brown),2021-08-15,3.5 KG,785.146111111111
Sorghum (brown),2021-09-15,3.5 KG,751.2564705882353
Sorghum (brown),2021-10-15,3.5 KG,707.551875
Sorghum (brown),2021-11-15,3.5 KG,726.3464705882352
Sorghum (brown),2021-12-15,3.5 KG,753.8925
Sorghum (brown),2022-01-15,3.5 KG,888.2244444444445
Sorghum (brown),2022-02-15,3.5 KG,875.6944444444445
Sorghum (brown),2022-03-15,3.5 KG,904.5454545454544
Sorghum (brown),2022-04-15,3.5 KG,927.7905555555556
Sorghum (brown),2022-05-15,3.5 KG,1068.770588235294
Sorghum (brown),2022-06-15,3.5 KG,1329.9693333333337
Sorghum (brown),2022-07-15,3.5 KG,1648.8346666666666
Sorghum (brown),2022-08-15,3.5 KG,2114.505
Sorghum (brown),2022-09-15,3.5 KG,2178.363888888889
Sorghum (brown),2022-10-15,3.5 KG,2048.235294117647
Sorghum (brown),2022-11-15,3.5 KG,1955.2211111111112
Sorghum (brown),2022-12-15,3.5 KG,1967.3794117647055
Sorghum (brown),2023-01-15,3.5 KG,2008.6223529411768
Sorghum (brown),2023-02-15,3.5 KG,2091.256315789474
Sorghum (brown),2023-03-15,3.5 KG,1990.5733333333333
Sorghum (brown),2023-04-15,3.5 KG,2238.0905263157897
Sorghum (brown),2023-05-15,3.5 KG,2922.4034782608696
Sorghum (brown),2023-06-15,3.5 KG,2839.503
Sorghum (brown),2023-07-15,3.5 KG,2973.155
Sorghum (brown),2023-08-15,3.5 KG,3052.475652173913
Sorghum (brown),2023-09-15,3.5 KG,3144.902272727273
Sorghum (brown),2023-10-15,3.5 KG,2818.441
Sorghum (brown),2023-11-15,3.5 KG,2862.8778947368423
Sorghum (brown),2023-12-15,3.5 KG,2801.085
Sorghum (brown),2024-01-15,3.5 KG,2836.145
Sorghum (brown),2024-02-15,3.5 KG,3180.518571428572
"Sugar (brown, imported)",2018-03-15,KG,300.0
"Sugar (brown, imported)",2018-04-15,KG,298.4
"Sugar (brown, imported)",2018-06-15,KG,336.8125
"Sugar (brown, imported)",2018-07-15,KG,346.5625
"Sugar (brown, imported)",2018-08-15,KG,290.8888888888889
"Sugar (brown, imported)",2018-09-15,KG,285.8333333333333
"Sugar (brown, imported)",2018-10-15,KG,239.0
"Sugar (brown, imported)",2018-12-15,KG,316.1
"Sugar (brown, imported)",2019-01-15,KG,295.9166666666667
"Sugar (brown, imported)",2019-02-15,KG,286.6666666666667
"Sugar (brown, imported)",2019-03-15,KG,288.1666666666667
"Sugar (brown, imported)",2019-04-15,KG,278.8333333333333
"Sugar (brown, imported)",2019-05-15,KG,291.3636363636364
"Sugar (brown, imported)",2019-06-15,KG,298.09090909090907
"Sugar (brown, imported)",2019-07-15,KG,352.0
"Sugar (brown, imported)",2019-08-15,KG,367.5833333333333
"Sugar (brown, imported)",2019-09-15,KG,339.1363636363636
"Sugar (brown, imported)",2019-10-15,KG,342.72727272727275
"Sugar (brown, imported)",2019-11-15,KG,308.0
"Sugar (brown, imported)",2019-12-15,KG,328.1428571428572
"Sugar (brown, imported)",2020-01-15,KG,344.8333333333333
"Sugar (brown, imported)",2020-02-15,KG,342.8333333333333
"Sugar (brown, imported)",2020-03-15,KG,371.9473684210527
"Sugar (brown, imported)",2020-04-15,KG,387.6452631578948
"Sugar (brown, imported)",2020-05-15,KG,427.6941176470588
"Sugar (brown, imported)",2020-06-15,KG,403.4473684210527
"Sugar (brown, imported)",2020-07-15,KG,425.66
"Sugar (brown, imported)",2020-08-15,KG,449.1857894736842
"Sugar (brown, imported)",2020-09-15,KG,549.0470588235294
"Sugar (brown, imported)",2020-10-15,KG,617.7333333333333
"Sugar (brown, imported)",2020-11-15,KG,654.8041176470588
"Sugar (brown, imported)",2020-12-15,KG,604.2857142857143
"Sugar (brown, imported)",2021-01-15,KG,607.815
"Sugar (brown, imported)",2021-02-15,KG,611.7553333333333
"Sugar (brown, imported)",2021-03-15,KG,675.2644444444445
"Sugar (brown, imported)",2021-04-15,KG,701.6335294117647
"Sugar (brown, imported)",2021-05-15,KG,708.3347368421053
"Sugar (brown, imported)",2021-06-15,KG,647.0377777777778
"Sugar (brown, imported)",2021-07-15,KG,642.6627777777778
"Sugar (brown, imported)",2021-08-15,KG,613.308
"Sugar (brown, imported)",2021-09-15,KG,598.4730000000001
"Sugar (brown, imported)",2021-10-15,KG,592.5
"Sugar (brown, imported)",2021-11-15,KG,639.3805
"Sugar (brown, imported)",2021-12-15,KG,678.25
"Sugar (brown, imported)",2022-01-15,KG,647.5865
"Sugar (brown, imported)",2022-02-15,KG,655.336
"Sugar (brown, imported)",2022-03-15,KG,658.7061111111111
"Sugar (brown, imported)",2022-04-15,KG,624.51
"Sugar (brown, imported)",2022-05-15,KG,747.287619047619
"Sugar (brown, imported)",2022-06-15,KG,717.1845000000001
"Sugar (brown, imported)",2022-07-15,KG,828.0145
"Sugar (brown, imported)",2022-08-15,KG,1079.6295454545457
"Sugar (brown, imported)",2022-09-15,KG,1143.445
"Sugar (brown, imported)",2022-10-15,KG,1326.9361904761904
"Sugar (brown, imported)",2022-11-15,KG,1252.368695652174
"Sugar (brown, imported)",2022-12-15,KG,1143.242380952381
"Sugar (brown, imported)",2023-01-15,KG,1214.4990476190476
"Sugar (brown, imported)",2023-02-15,KG,1158.5354545454545
"Sugar (brown, imported)",2023-03-15,KG,1280.6916
"Sugar (brown, imported)",2023-04-15,KG,1354.48
"Sugar (brown, imported)",2023-05-15,KG,1619.7065217391305
"Sugar (brown, imported)",2023-06-15,KG,1806.7208695652173
"Sugar (brown, imported)",2023-07-15,KG,1930.2832142857144
"Sugar (brown, imported)",2023-08-15,KG,2017.8785185185184
"Sugar (brown, imported)",2023-09-15,KG,1893.3508
"Sugar (brown, imported)",2023-10-15,KG,1792.7904166666667
"Sugar (brown, imported)",2023-11-15,KG,1882.612608695652
"Sugar (brown, imported)",2023-12-15,KG,1903.6445
"Sugar (brown, imported)",2024-01-15,KG,2045.735789473684
"Sugar (brown, imported)",2024-02-15,KG,2051.0052941176477